Model,Value
Random Forest,0.973248407643312
Logistic Regression,0.9782330345710628
CNN LeNet,0.9806949806949808
CNN LeNet Dropout,0.983397190293742
CNN LeNet Dropout and BN,0.9809885931558936
CNN Single Inception,0.9872122762148338
CNN Multi Inception,0.9782330345710628
CNN Single Inception + DA,0.9806949806949807
