Model,Value
Random Forest,0.973248407643312
Logistic Regression,0.980744544287548
CNN LeNet,0.981958762886598
CNN LeNet Dropout,0.983397190293742
CNN LeNet Dropout and BN,0.9846547314578004
CNN Single Inception,0.9885350318471338
CNN Multi Inception,0.983397190293742
CNN Single Inception + DA,0.9780077619663649
