Model,Value
Random Forest,0.9599236641221374
Logistic Regression,0.9713740458015268
CNN LeNet,0.9732824563980104
CNN LeNet Dropout,0.975190818309784
CNN LeNet Dropout and BN,0.9770992398262024
CNN Single Inception,0.982824444770813
CNN Multi Inception,0.975190818309784
CNN Single Inception + DA,0.9675572514533997
