Model,Value
Random Forest,0.9599236641221374
Logistic Regression,0.9675572519083968
CNN LeNet,0.9713740348815918
CNN LeNet Dropout,0.975190818309784
CNN LeNet Dropout and BN,0.9713740348815918
CNN Single Inception,0.9809160232543944
CNN Multi Inception,0.9675572514533995
CNN Single Inception + DA,0.9694656729698181
